3020,12260,9444,-5992,3168,14108,-2796,1452,16420,-160,-2596,15696
3440,12372,9368,-7228,3380,14020,-3820,1704,16016,-524,-2304,14952
2848,12464,9292,-7340,4616,13240,-4544,1532,16044,-2384,-2316,16232
3300,12316,9328,-7868,4004,12724,-4012,1692,16120,-1260,-2088,15724
3084,12188,9572,-8348,4596,12508,-3628,1112,15724,-808,-2704,14788
2736,12080,9560,-8264,3284,12112,-3236,480,15972,-564,-3112,14804
2968,12024,9380,-8708,4572,12092,-3580,332,15356,-844,-3396,14276
3044,12040,9536,-9112,3560,12452,-3372,312,15952,1308,-3424,15120
2408,11728,9060,-9492,3936,12596,-3024,944,17232,-84,-3580,16360
2908,11836,9808,-10552,4284,11400,-3616,2120,15824,644,-2164,15804
2660,12116,9408,-10388,3924,10132,-1964,1668,15840,2552,-2192,14192
1924,12184,9684,-10424,3772,9776,-2688,1472,15596,1864,-2960,15064
2036,12636,9160,-10068,4604,12956,-3880,-1856,16792,688,-6484,15544
2804,12452,9612,-8772,4708,12500,-3608,-2772,16308,1756,-6828,15084
2088,12132,9348,-9064,4836,11384,-3164,-1500,15432,728,-5544,13808
1916,12992,8932,-10340,4908,10184,-3248,-896,15432,428,-4464,14512
2316,12348,9384,-10040,5852,11768,-2100,996,16656,2416,-4496,14572
2348,12796,8996,-9280,5644,11448,-1972,-76,16576,1864,-4492,14804
3032,12200,9420,-6592,10992,13192,-1272,832,16252,2252,-3356,13792
2860,12164,9224,-7812,4532,12828,-1052,1864,16376,1896,-2676,16260
3084,12460,9380,-7696,3920,13216,-2900,2196,16228,800,-2660,16048
3112,12232,9756,-7400,3584,12884,-2372,3036,16012,804,-3352,15756
2552,12532,8572,-7852,2292,13200,-1764,2196,15420,2100,-3044,13688
3516,12236,9464,-6292,3048,13964,-2876,2360,17004,-500,-3400,15404
2504,12728,8760,-7556,3200,13208,-1576,3356,15216,4112,-1124,15688
2236,13156,8520,-5620,2900,14516,-184,3180,16428,2548,-1916,15536
2496,13264,8656,-5276,2968,15064,-1152,3332,16836,1300,-2284,16476
2156,13140,8508,-5216,3048,14140,-860,3168,15976,1936,-1928,15212
2488,13108,8544,-4876,2652,14580,-240,2696,16212,2864,-2368,15244
2488,13108,8544,-4876,2652,14580,-240,2696,16212,2864,-2368,15244
2616,12540,9204,-7384,3420,13440,-2992,3056,15968,-536,196,16196
2612,12580,8988,-7028,4316,13460,-4900,2536,15908,-940,-160,15892
3308,12796,8948,-8200,4308,12504,-3516,2848,15556,-932,228,15428
2692,12728,9136,-7148,5192,13192,-2980,1672,15616,-1232,-912,15228
3208,12464,9172,-8216,5340,12948,-3168,1488,16456,-1148,-860,15996
2660,12816,9248,-7384,6264,11864,-2912,1740,15280,-1496,-348,14968
3124,12320,9464,-8732,4792,11592,-3524,1540,15796,-156,-1688,14360
3048,12320,8988,-10728,6240,12880,-1924,1504,17152,-884,-1456,16976
2684,12460,9072,-9744,6476,11072,-1564,1136,16312,1000,-704,14988
2472,12808,9412,-10500,6500,10248,-1368,1464,16068,456,-1408,16696
2832,12440,8896,-10648,7316,10536,-1516,1192,16620,876,-2324,14888
3264,12764,9112,-11548,7000,9900,-2824,2184,16636,-1528,-1384,16528
3300,12588,9116,-12172,7040,8508,-1528,2292,16016,808,-1436,14652
2512,13024,9024,-10596,6132,8628,-2880,472,15336,-1244,-2612,15428
3100,12328,8936,-10632,7048,10744,-1724,-848,16072,1672,-4204,13164
3096,12532,8948,-10188,7152,10000,-3104,-848,16548,-624,-4060,16260
2800,12516,9392,-10592,7900,10728,-2136,-296,16740,-232,-3860,14388
2796,12540,9096,-9764,9468,9860,-1948,1196,16856,-292,-2980,16804
2544,12428,9560,-9460,7668,10520,-1320,1784,16516,700,-1856,15872
2892,12616,9236,-9200,7880,10808,-1924,2368,16572,452,-3372,15252
2288,12544,9224,-7960,7488,12528,-1084,1836,16756,1280,-3836,15028
2832,12312,9320,-7012,5492,12624,-1884,1288,16440,68,-4140,15248
2928,12260,9416,-7852,5132,12152,-1804,2800,15368,2028,-2532,14852
2900,12360,9412,-6804,5384,13456,-1632,2460,15536,2200,-2428,14068
2880,12152,9580,-6220,3768,12944,-2280,2284,15356,24,-2604,14756
3104,12228,9128,-6480,3564,14144,-1348,3520,16064,1300,-1496,14068
2932,12500,9296,-6852,3400,13912,-1500,3764,16428,2544,-1276,17152
3116,12352,9228,-4892,3392,14388,-1792,3580,16152,-108,-1836,15904
3028,12484,9160,-4192,3376,14648,-1032,3476,16256,460,-1808,16072
3028,12484,9160,-4192,3376,14648,-1032,3476,16256,460,-1808,16072
1488,12472,9092,-6440,708,13564,-2896,632,14852,-740,-1652,12504
2012,12260,9536,-7144,676,13932,-4112,968,16048,-1580,-1376,15748
2068,12228,9996,-7040,968,14680,-3804,1040,16764,-1024,-880,17012
1936,12400,9572,-7592,1532,13488,-4236,1968,15768,-1244,-124,15908
2028,12276,9592,-8856,2044,13036,-4992,2484,15744,-1864,80,15664
2400,12772,9076,-7320,3004,13940,-3988,972,15996,-1064,-392,14640
2640,12404,9460,-7424,3004,12988,-3776,864,15864,-1792,-396,15408
2852,12748,9136,-8252,3800,12972,-3956,1404,16368,-2172,-960,15572
2688,12576,9388,-8104,4060,12788,-3760,524,15884,-1788,-1864,15196
2884,12436,8932,-9200,3724,13584,-3524,176,16224,-944,-2092,15000
2456,12496,9092,-10028,13568,10800,-4120,896,15356,-2384,-1032,15740
2900,12436,9376,-9284,3720,11548,-3484,1244,15956,32,-1072,14924
2240,12508,9020,-10248,5732,11536,-2604,576,16268,-1404,-852,15536
2384,12372,9188,-10160,5092,11000,-3172,232,16276,-928,-1072,16016
2556,12496,9552,-9956,5172,11060,-2316,-808,16876,132,-1640,15636
2524,12492,9252,-11672,6476,11544,-2836,-84,16960,-364,-1716,15988
2176,12948,8736,-8928,5456,11052,-3460,-2640,16264,-160,-4076,16880
3040,12740,8840,-8876,5500,11504,-1716,-2836,15236,2000,-4436,13308
2412,13192,8576,-8412,6060,10700,-3044,-2332,15012,596,-4640,14036
2292,12320,9220,-10384,7656,11476,-1432,440,16656,1252,-2900,16116
2104,12896,9156,-9672,8116,11300,-2340,2484,16368,-1192,-3216,16456
2272,12648,8816,-9632,6208,11068,-964,2984,16392,1144,-1940,15532
2748,12576,9268,-8816,6076,11424,-1596,3704,16500,2108,-632,16844
2652,12724,8912,-7888,5428,12056,-2364,3204,16024,908,-1176,15788
2700,12628,9216,-7620,4512,13144,-1540,2116,15972,1216,-2068,14904
2280,12492,9188,-7860,4672,12948,-1952,2800,15560,1652,-1432,15160
2352,12692,9116,-7176,3728,13532,-1644,2632,15976,1396,-1584,15104
2388,12388,9536,-6440,4312,14160,-2044,3252,16176,852,-436,16684
1828,12556,9616,-6272,3172,13692,-1584,3504,16352,1832,-412,16084
1368,12980,8844,-5808,3244,14444,-624,3240,15932,3816,-372,15008
2220,12708,8932,-4596,2708,14552,-1220,2256,16112,312,-100,15628
2204,12772,8884,-5200,2292,14000,-1536,2604,15904,388,236,15580
2324,12500,9116,-5368,3380,13700,-1840,2884,15748,-324,408,15600
2592,12788,9168,-5392,4236,14552,-1432,2356,16268,12,172,15720
3448,12676,9392,-6052,4460,14208,-2144,1752,16640,-488,228,16208
2956,12708,8684,-5996,4724,13876,-1292,1268,16256,436,-404,14740
3016,12704,8768,-6488,5108,13228,-1712,880,16280,-400,-824,15144
2744,12764,8832,-6896,5200,13132,-2160,1008,16648,-524,-764,16748
2868,12568,9032,-7964,5244,13068,-2464,452,16460,-752,-984,15736
2840,12808,8860,-8468,5816,12748,-3152,504,16320,-1332,-1188,15524
2316,12364,9240,-8356,4672,11776,-2784,228,14976,-916,-1256,14236
2256,12840,8608,-9124,5008,11380,-3208,980,15112,-988,-228,15848
1992,12508,8844,-9832,5212,11500,-3144,1216,15564,-760,-532,15500
2468,12700,9072,-10000,5344,10888,-2480,748,16112,-40,-976,15624
1824,12636,8892,-9720,6988,10708,-1132,-316,15608,240,-1300,14256
2732,12868,9652,-10492,6944,11348,-2424,124,16628,208,-1500,15452
2792,12804,8748,-10628,7132,10436,-1192,-548,16276,1068,-2460,14948
2516,13176,8612,-8668,6952,11420,-1616,-2680,16944,1388,-4056,17500
3200,12564,9340,-9680,7256,11872,-1428,-1824,17084,1684,-3160,16156
2468,12760,8780,-8408,7176,11252,-992,-2348,16060,1244,-3952,15048
2640,12840,8744,-9344,6996,11108,-1332,-708,16288,768,-2560,14708
2164,12564,8924,-9548,5748,10932,-1512,-388,16220,-272,-1972,15252
2516,12836,8840,-8776,6924,12292,-1732,52,15936,-876,-2044,15884
2476,12720,8940,-7412,6840,13032,-1360,56,15992,608,-2936,14988
3096,13140,8616,-7608,5268,12876,-512,876,16316,1104,-2324,15440
2752,12900,8752,-6480,5252,13836,-884,1028,16636,1552,-2236,15596
2932,12796,8612,-6684,4524,12864,-1208,1692,16288,1396,-1444,15896
2496,12756,9240,-6580,4096,14712,-676,732,16316,352,-2632,14492
3652,12744,9344,-6656,3488,13028,-1408,2452,15160,1584,-472,15216
2400,12640,9388,-5524,2924,13812,-912,2552,15852,1032,-1036,15448
2464,12400,9704,-3948,2436,15216,-1860,2232,16908,-1140,-284,16572
2488,12464,9220,-4392,2628,14704,-2136,2512,16184,-1264,292,15960
2932,12480,9308,-5348,2496,14032,-2616,2716,16312,-828,-352,15268
2860,12432,9516,-5296,2912,14472,-3568,2340,15628,-2644,-276,15020
2952,12688,9312,-6136,3260,13768,-1600,2868,15916,1424,-1560,15984
2688,12352,9220,-6616,4212,14396,-1900,2536,16436,32,464,15864
3072,12392,9228,-6560,4624,13828,-3208,1768,16544,-3716,460,14752
2876,12448,9272,-7084,5360,13152,-3296,1612,15932,-1224,-336,16288
2936,12456,9552,-7680,5276,12112,-3112,888,15884,-4056,-1300,15960
2780,12640,8884,-8392,5328,12516,-2504,816,16656,-1320,-1616,15644
2752,12736,8832,-9032,5268,12836,-2124,292,16544,-1740,-2160,15340
2484,12244,9928,-8776,5628,10664,-3008,1348,15544,-1680,-1020,14876
2508,12416,9892,-9060,6476,10128,-992,896,15152,980,-1280,13552
2720,12160,9124,-9688,6352,11444,-2068,84,16240,-420,-1836,15224
2532,12332,9208,-10736,6368,10680,-1496,1088,17424,-252,-1304,16832
2612,12676,9144,-10116,6016,10484,-1648,-60,16340,168,-2060,16460
2596,12368,9308,-9328,6808,11720,-1868,-2016,16532,712,-3856,14824
2396,12196,9420,-9400,6536,11208,-1112,-1476,16576,1800,-3428,15732
2696,12404,9332,-9900,6752,10648,-2608,-572,15880,-1260,-3232,14916
2112,12472,9428,-9744,6812,10812,-1496,-340,16104,456,-2692,14072
2712,12048,9576,-8912,6972,10744,-712,2288,16836,628,-964,16952
2340,12556,9200,-9304,6748,10832,-1840,1628,16096,-1272,-2148,15940
2724,12236,9128,-9260,6320,12868,-804,976,17080,436,-2564,15516
2716,12376,9508,-8044,6364,12096,-1284,1660,16288,-424,-2200,15632
2644,12140,9432,-8140,5972,12252,-724,1204,15996,-76,-2144,15332
2872,12376,9232,-7180,5780,14244,-1884,588,15968,-424,-2600,14468
2584,12204,9820,-6180,4676,13120,-2140,1616,16572,-1140,-2880,15848
3124,12096,9252,-6440,4928,13996,-1744,2108,15612,280,-1956,14464
2844,12088,9400,-6752,4128,13648,-84,2932,15808,792,-320,15724
3016,12272,9752,-5900,3324,14112,-684,3072,15904,572,-412,15364
2600,12596,9048,-3432,2392,15076,-936,1868,16260,-448,36,15632
2608,12732,8812,-4444,2580,14568,-1604,2036,16208,-320,348,16004
3208,12560,9080,-5988,3068,13840,-1864,2612,16380,-280,980,16132
3156,12084,9760,-5616,3860,14656,-1604,1252,16572,-316,508,15668
3528,12364,9428,-6460,3572,13760,-1480,1004,15816,344,76,15372
2784,12436,9120,-6700,4224,13260,-1376,100,15692,-1064,-2440,14176
2960,12272,9348,-6608,4700,12768,-1640,-516,15840,-760,-2336,14764
3116,12092,9800,-7940,4824,12468,-2044,676,16216,-572,-1284,15044
3000,12060,9360,-8900,7564,11544,-1380,172,16836,-748,-2044,15708
2920,12232,9468,-8024,5972,11456,-1400,228,15156,-152,-1188,14564
2840,12244,9384,-8948,6272,11760,-712,368,16032,596,-1468,15292
2580,12368,9172,-10044,6776,10964,-1136,1876,17104,296,-952,17272
2852,12664,9352,-10816,7488,10548,-976,2084,17616,280,-732,17504
2640,12720,8852,-12244,6984,9328,-2148,2084,17176,-1564,-1808,16740
2980,12984,8764,-11568,7852,8624,-1072,528,15896,904,-1904,15420
3056,12772,8840,-11016,6384,8640,-1236,-576,15208,416,-3204,13896
3320,12728,8676,-9744,7128,9560,580,-3164,16548,3864,-6404,14100
3232,12820,8764,-10172,8836,11236,-1000,-4152,17428,2056,-7160,15852
3148,12536,9088,-10412,9816,10180,-528,-2300,16668,636,-4780,15812
2516,12704,9220,-9664,8648,9676,-452,-1324,16596,-92,-4304,14428
2024,12464,9356,-9068,7820,10868,1432,8,15440,3244,-2244,13480
2584,12804,9188,-8128,7540,10944,-1532,1664,16740,-484,-2580,16060
2508,12492,9168,-8368,5756,11704,-1604,2384,15936,-104,-1736,15684
2488,12488,9392,-9000,5648,12596,-1568,2864,16084,1292,-1496,15640
2304,12484,9316,-8496,4512,13196,-1292,2256,16404,1100,-2216,14796
2720,12508,9240,-7996,4308,12512,-2952,2748,16220,-616,-1276,15968
2380,12584,9528,-6884,3696,13664,-1436,2620,16104,732,-1268,14792
2252,12248,9208,-8060,1824,12512,-1824,2844,15720,436,308,16296
2120,12800,9008,-7000,2728,13924,-1524,3192,15872,1132,-784,14784
1952,13068,9096,-6616,3076,13992,-2536,3380,16548,-1180,-944,16456
2048,12768,9096,-4664,1424,14788,-1540,1268,16424,-180,-520,15888
2272,12756,8692,-5476,1248,14100,-1408,1648,15720,920,28,15584
2152,12820,9052,-6444,1720,13820,-2732,2168,15628,-248,232,15104
2564,12848,9152,-6192,2592,13932,-3024,2244,15784,-1448,136,15400
2628,12492,9248,-6320,4012,14336,-1724,1912,17068,324,-56,16156
2868,12472,9264,-7140,3676,13808,-2144,996,16988,-952,-420,16432
2948,12496,9192,-7624,4216,13748,-2608,536,15552,-624,-1024,14848
2612,12576,8892,-8040,3660,12640,-2428,72,16376,-484,-1236,16568
3076,12476,9208,-7772,3520,11916,-2424,1236,15356,252,-404,16148
2728,12604,8660,-8924,3924,13580,-2096,-488,16324,896,-1880,14968
2824,12604,8592,-9028,5176,12148,-3020,24,15144,352,-1424,14588
2720,12532,9716,-10232,4864,11744,-3312,348,15940,-508,-2228,14628
2008,12336,8984,-9228,5792,11956,-3884,-860,17288,-1332,-3436,17168
3560,12728,9292,-11024,5420,10664,-2428,1436,15864,668,444,14688
2452,12416,9100,-10548,4892,9404,-3088,592,15840,-1040,-2676,15868
2372,12124,9052,-10836,5000,11040,-3524,-816,16056,-532,-3508,14680
3664,12872,9120,-9836,4756,11144,-4768,-2524,15616,-1720,-4964,15884
2852,12524,9064,-10628,5788,11452,-4248,-1956,15364,-32,-6468,14028
2532,12648,9228,-10640,6120,10180,-1252,-504,16832,2028,-540,14944
3048,12336,9140,-12300,5628,9996,-1832,2788,17416,1988,-3212,18676
2652,12668,9072,-9840,4520,10308,-576,2328,16172,3936,-1396,16436
2880,12800,8884,-9768,4864,11160,-1540,2060,15356,1940,-2044,14588
2924,12520,8828,-9236,4144,9944,-3072,3676,16368,-408,-2104,16092
2536,12816,8980,-8880,5568,12292,-2988,1736,16316,-156,-2640,15208
2908,12776,8752,-8224,4236,13172,-3000,900,16716,16,-2684,16952
3356,12492,9096,-6248,5116,13936,-2188,676,16420,188,-2972,14456
3116,12388,9116,-5772,5124,14360,-1524,1032,15888,1568,-1688,13944
2996,12656,8908,-5944,3236,13848,-1816,1984,16084,-40,-2620,15784
2080,13056,8456,-6364,3252,12984,-856,3648,16812,3576,2252,18852
1848,13372,8620,-6104,2788,14020,-676,3228,16216,1608,-1392,16120
1660,12824,8972,-5940,1640,14100,-3296,1416,15888,-1028,-1188,15648
1852,12752,9180,-7104,1700,13336,-4020,2000,15760,-1796,-676,15528
1916,12784,9312,-7768,3740,13816,-3808,2540,16452,-316,-684,16160
1780,12992,8676,-6772,3332,14276,-4196,624,16316,-4220,-2612,14920
2488,12828,9072,-7920,3196,12768,-3988,1556,15856,-624,-1144,15464
1900,12776,9048,-8404,3192,12556,-4404,608,15700,-2172,-1568,15196
2204,12820,8956,-9440,3376,12872,-3088,404,15308,-1008,-1892,14788
2312,12616,9660,-9104,3592,12392,-4320,852,15816,-1424,-2136,14756
2252,12540,8900,-10336,3720,11196,-3884,2676,15220,-1832,-1396,14148
1552,12664,8968,-10116,4924,10384,-3936,2000,15584,-2424,-1756,16152
2224,12432,9556,-10516,5072,11588,-2432,1484,17432,908,-1932,15836
2400,12596,9152,-10328,5348,10876,-1676,884,16016,324,-2340,14656
2092,12636,9172,-10864,6276,10696,-1236,256,16652,568,-3156,15312
2352,12660,8940,-12056,6412,11088,-2464,784,17512,-256,-3060,16048
1496,12592,9320,-10656,5244,9908,-2384,-180,16576,-128,-3780,16408
2456,12784,9108,-8832,5736,11584,-1956,-2836,15268,1692,-5504,13008
1936,12700,9244,-9376,6652,11088,-1928,-1656,15284,1260,-5296,14104
1904,12376,9188,-9528,6888,10888,-1496,-120,16836,864,-4068,14800
1824,12464,9168,-10480,6988,10320,-1220,1636,17556,2916,-2184,16020
2160,12728,9184,-9544,7112,12180,-2012,948,16808,428,-3540,15000
2364,12664,9008,-8204,6248,11936,-1900,940,16220,116,-3564,14764
2448,12692,8512,-8936,5660,12808,-2444,764,15956,84,-3324,14480
2268,12728,8736,-7680,4964,12340,-2316,1676,16576,356,-2676,15964
2288,12640,9060,-6912,4832,13628,-2052,1488,16540,1004,-2708,15548
1952,12676,8844,-7796,3536,12940,-2020,1836,15948,1724,-2316,16192
1640,12460,9032,-7352,2888,13300,-2016,1828,16004,948,-3224,14820
1132,12224,9112,-5576,2296,13732,-2524,1372,15908,-880,-4904,15884
2496,12640,9832,-6928,1312,13928,-1204,2368,16456,900,-920,15812
1568,12832,9064,-5368,1644,13992,-2452,2084,15248,-1088,-1956,15148
1108,12808,8824,-4648,2356,14040,28,2852,15864,1936,-872,15940
2052,12864,8864,-6168,1408,14108,-2232,1632,15844,608,-568,15584
1856,12628,8868,-6916,1720,13440,-2636,2076,15704,-32,-340,15188
1944,12700,9080,-6424,2672,14564,-2276,1828,16764,336,-1264,16184
2240,12968,8716,-7068,2424,13488,-2396,1652,15904,376,-60,15532
2572,12616,9244,-7452,3376,14120,-1676,432,16368,68,-1276,15284
2480,12540,9140,-7608,3304,14000,-2480,-80,17504,-904,-2296,16532
2800,12592,8812,-8008,3152,12964,-2588,68,16188,-356,-1672,15448
2108,12660,9208,-8328,3556,12040,-2460,184,15164,-464,-864,15380
2412,12396,9064,-8508,3180,12748,-2496,-648,15904,-508,-2728,14580
2512,11832,9800,-8588,3284,11340,-3780,652,15744,-208,-2444,15388
1876,12568,8872,-9664,4076,12836,-2816,-1188,16620,-1320,-2928,16252
2228,12384,9348,-9780,3948,11944,-3692,-272,15028,-1184,-2036,15160
2004,12508,9272,-10644,3660,11428,-2552,292,16444,-752,-2024,16028
1724,11488,9992,-9656,4488,11392,-4488,892,15316,-1820,-1328,16084
2040,12536,9716,-10824,3484,11504,-3668,-564,15320,-152,-2452,14228
1912,11852,9292,-8792,3124,12276,-3944,-2556,15816,584,-4668,15624
2776,12568,9548,-10172,4048,12792,-4312,-2268,16584,-284,-4388,15432
2448,12416,9556,-10432,4792,11764,-3360,-1048,15864,-1000,-2488,15052
1872,12512,9556,-10348,5636,10904,-2832,188,15852,-572,-3328,15200
2304,12184,9440,-11124,4728,10840,-3180,2764,16152,-200,-780,16752
2108,12380,9432,-9356,4764,11580,-2872,3124,16700,616,-1360,15776
2348,12492,9284,-9240,4180,12016,-2852,1420,15240,228,-1668,14704
2524,12512,9284,-9008,3984,12096,-3456,1372,15708,-1828,-1928,15248
2420,12712,9112,-9260,3808,12780,-3564,1400,16208,-1708,-1520,14952
2016,12712,9292,-5916,3844,14104,-2196,28,16348,-252,-2368,16024
2900,12800,8740,-5976,4452,15316,-1024,1040,15596,476,-1424,13524
1972,12712,8528,-5220,2992,14060,-1756,1512,16252,-16,-1580,17344
2148,12684,9180,-7328,2552,13648,1012,2776,16052,5864,1044,15896
2048,13020,9116,-5704,2508,14512,-516,2588,16940,1608,-380,16112
1976,12964,8828,-5764,2564,13552,-636,2896,16036,1856,0,15600
1840,12936,8852,-4892,1636,14668,-1320,1700,16172,-320,480,16124
2008,12920,9004,-5220,1624,14652,-2004,1560,16388,-1112,-52,15404
2076,12916,9104,-5404,1912,14440,-1408,1472,15944,-272,-12,14944
2084,12636,8948,-6044,1860,13964,-1836,1580,16160,52,408,15868
2428,12868,9024,-6948,2980,14272,-2536,2120,16348,-1180,416,15464
2288,13052,8576,-6324,3452,14172,-2716,1344,16916,-2876,-96,15976
2804,13000,8512,-7780,3404,13212,-2688,1108,16112,-1024,-56,15596
2012,13228,8724,-7360,4004,13524,-2752,-108,16468,-1576,-1160,16128
2860,12776,8872,-8588,3624,13804,-2492,-308,16308,136,-1136,14720
2464,12852,9416,-8772,4616,12872,-3372,-1144,15196,-2416,-1680,14544
2696,13136,8544,-8816,4004,10356,-3116,1476,15928,-1736,-176,16172
2548,12848,8600,-9396,3632,13376,-4028,-92,16544,-972,-1504,14920
2060,12996,8832,-10188,4484,11920,-4480,804,15828,-1308,-472,15372
1728,12480,9280,-8364,4400,10728,-2948,-736,15852,1028,-1528,16204
3128,13088,8880,-11128,5460,11084,-1948,204,16876,1204,-220,16340
1556,12624,9044,-10716,5060,11756,-4372,-12,16936,-592,-1980,16480
1868,12920,8616,-7256,3972,10896,-2648,-3760,14160,1564,-4348,14392
2580,13192,8968,-9128,5244,12368,-2512,-2628,16556,1960,-3684,15808
2084,12672,8892,-9648,5944,11628,-2928,-692,16248,-968,-1220,14188
1900,12940,8984,-9484,6492,10440,-2444,-52,15884,-484,-2912,15112
2388,13092,8728,-9852,6260,11632,-1080,1320,17068,2016,-2112,15920
2316,12796,8868,-8868,6188,11904,-488,1332,16832,3484,-2876,15840
2384,13000,8744,-7900,5984,12684,-1816,424,16732,504,-3716,15360
2880,12892,8840,-8268,5484,12368,-496,1536,16372,4140,-2328,14336
2404,13008,8680,-7456,4652,13144,-1588,1136,15904,1012,-2736,14968
3160,13312,8692,-8384,3300,13580,-2160,1708,16332,712,-2296,15928
1624,12852,8188,-7760,2764,12804,-3252,1688,15656,-1324,-2456,14896
2224,12424,9168,-6860,3000,13108,-3016,1860,15756,-1500,-1888,14452
1964,12316,9632,-8060,2304,13012,-4008,3048,15876,-1120,-124,16068
1800,12848,9756,-6904,3172,13552,-296,3716,15728,3292,1056,15876
1624,13048,8800,-5092,1452,14684,-1040,1264,16216,1132,-124,15616
1624,13048,8800,-5092,1452,14684,-1040,1264,16216,1132,-124,15616
1872,12756,9404,-5776,1560,14052,-1620,1752,15824,184,28,15524
1816,12828,9124,-5416,2116,14056,-1292,1604,16172,632,-200,15860
1792,12980,8632,-5964,3192,14200,-892,1896,16308,1796,92,15944
1988,12776,9144,-5900,4076,15236,-952,328,17656,136,-1352,15852
2716,12652,8996,-6332,3684,13960,-1768,420,16152,600,-1832,14956
2616,12800,9164,-7300,2892,13352,-1772,-480,15912,-72,-2424,14196
2792,12628,8944,-7944,3612,13064,-2528,-840,16332,-232,-2364,15308
2532,12688,8900,-8056,3400,11280,-3288,192,15904,-40,-1676,15508
2956,12784,8800,-8960,3924,12892,-2980,268,15864,-276,-1760,14524
2644,12476,8860,-10044,3192,11280,-2692,1052,16968,-432,-1380,17956
2380,12972,8648,-9468,4620,11840,-1876,-408,15460,96,-2172,14572
2456,12488,9064,-9336,4732,10568,-2256,-660,15464,1268,-2952,14696
2380,12852,9136,-8620,5956,11640,-2256,-3900,16968,984,-6656,16444
2212,13184,8428,-8712,5452,10532,108,84,16884,3136,-2880,16392
2764,13016,8516,-8788,5668,11732,-476,624,16204,2432,-2892,14776
2392,12952,8512,-7588,6788,13056,-1100,-384,16756,1228,-4172,15004
2580,13204,8296,-7760,5096,13368,-728,-84,17284,2076,-3596,16852
2384,13280,8484,-6744,5240,12860,-1092,-344,15576,-1204,-3496,14324
2652,13152,8548,-7444,3664,13288,-2252,116,15580,-924,-3528,13968
2204,12916,8888,-6132,3260,14548,-1456,1044,16332,-2512,-2736,15088
2572,13292,8408,-4860,2832,13940,-596,2436,15876,1256,-236,15300
1092,12992,8724,-5412,2980,14236,1384,2800,15996,5324,252,15752
1804,13152,8592,-4620,2160,15204,-1992,2092,16656,-808,-1208,16964
1536,13208,8544,-5492,2260,14044,-1952,2832,16424,-560,-1156,16320
1592,12876,8788,-6212,2620,12460,-812,3396,13352,872,104,13308
1404,13404,8076,-2876,5152,10156,2872,6196,12088,5140,4160,11140
3268,12808,8364,-352,10996,10144,3028,704,12144,-408,-2120,9080
3268,12808,8364,-352,10996,10144,3028,704,12144,-408,-2120,9080
1856,12768,9072,-4372,580,15172,-168,792,16188,1048,-548,14812
1808,12876,8988,-5212,836,14628,-344,1276,16416,1380,-148,15560
1792,12740,9120,-5700,1064,13840,-1112,1716,16192,1284,92,15732
1796,12792,9140,-6868,1312,14172,-2312,1496,15728,-252,296,15036
1740,12556,9136,-6900,3196,14512,-2068,1712,16712,-588,444,16556
2440,12824,8988,-7576,3468,13448,-2592,1800,16648,-128,-428,15780
2464,12480,9008,-7532,4300,13140,-2316,1472,16268,-104,-1060,15936
2280,12964,8964,-7332,3824,13428,-976,44,16432,1764,-1424,16188
2964,12828,9164,-8888,4084,13712,-928,636,16896,1596,-1504,16016
2060,12764,9420,-8628,3932,12284,-1992,672,15884,996,-1680,15340
1976,12708,9244,-8924,4028,12624,-2756,784,16072,-76,-1600,16012
2364,12584,9144,-9244,3580,11600,-1312,-60,16320,548,-1836,15144
2160,12524,9508,-10312,3616,11472,-2896,-192,14832,-340,-1024,14436
2456,12632,9044,-9656,4172,11512,-2532,-552,15840,240,-1844,14480
2316,12592,9200,-9536,4436,11564,-2028,-548,16376,380,-1816,15828
2076,12796,9212,-9764,4220,11512,-1604,-1672,16040,1228,-2472,15324
1652,12396,9328,-9248,5552,11996,-2884,-2672,15852,340,-3468,15492
2340,12672,9352,-9600,5724,11824,-1832,-2756,16320,1564,-3896,15840
2068,12564,9288,-9824,6056,10672,-1832,-1160,16068,-56,-3332,15556
2200,12576,9356,-10100,5904,11372,-932,584,17028,1192,-3536,15492
2188,12448,9244,-9864,6032,11796,-1556,1492,16340,896,-3428,15784
2144,12772,9112,-8020,6468,11988,-620,248,16576,1600,-3600,15688
2292,12664,8900,-8408,5764,13140,-640,308,16484,1952,-3788,14652
2284,12948,9032,-7692,5240,12444,-560,1068,16292,2120,-3204,15324
2280,12788,8912,-7216,4824,13092,-692,796,15940,804,-8020,15104
2196,12940,8700,-6448,4776,12948,640,996,16512,3276,-3092,16312
2636,12756,9108,-5768,4524,14128,1060,708,16544,3300,-2852,14896
2564,13076,9160,-5576,4440,14596,112,1424,15992,1780,-2728,13692
2552,12608,9140,-6488,2644,13336,-932,2468,15832,1808,-1896,15428
1936,12852,9120,-5752,2664,13892,404,2836,16236,4384,-1028,15964
744,12636,9184,-5252,1532,11784,-1816,1976,12380,-340,336,10328
1408,12656,8752,-5696,620,13244,-1912,1240,14000,-620,-624,13372
1320,13180,8548,-6704,1140,13632,-2108,1876,15608,628,360,15644
2144,12812,9200,-8644,1324,13440,-3836,2024,16232,-1732,384,16612
2004,12940,8868,-7024,2580,14680,-3012,1416,16080,844,-576,15552
2364,12832,8788,-6332,3136,13436,-1012,536,16140,1144,-1084,15808
2364,12864,8880,-7508,2800,13276,-2220,832,16400,360,-1348,16592
3004,12616,8560,-8460,3500,14068,-1596,-84,16676,1028,-1324,15284
2372,12992,8808,-8204,5096,13496,-1724,380,16804,864,-1200,15156
2472,12924,8708,-8504,3712,12432,-2632,1012,16064,-2316,-24,15660
2380,12752,8608,-9160,3488,11084,-3420,2040,15244,-792,-1972,15020
2136,12952,8992,-9708,4088,11564,-3476,824,16332,-1096,-2220,16048
2088,12832,9132,-9832,4252,11444,-2368,1096,16120,-560,-2012,15324
2236,12880,8512,-11164,4284,11332,-1532,888,16564,1128,-2452,14836
1880,13164,8600,-11388,5320,10236,-2560,592,16560,-1388,-1808,16060
1728,13164,8248,-11484,5060,10796,-2720,-800,16124,72,-3140,15320
1628,13116,8304,-9952,5276,10616,-2664,-1588,15908,240,-4304,15528
2448,13248,8420,-10744,5224,10680,-1796,-1092,16684,1104,-4440,16068
2040,13076,8592,-11540,-168,9844,-2428,-368,16188,-1760,-3648,14772
2008,13112,8704,-10204,8040,9968,-1840,1100,15620,-436,-2600,14356
1536,13232,8600,-11000,6012,10520,-676,1204,16416,1428,-2544,16148
2088,13060,8848,-9236,6048,11344,40,956,16992,2288,-3124,15960
2536,13112,8708,-8868,6164,12736,-1108,552,16820,-320,-3980,14820
2128,12952,8512,-8556,5472,12640,-772,904,17020,2928,-3408,15356
2840,12900,8828,-8288,5060,12856,-1896,1260,16344,468,-3292,15380
2324,13044,8200,-7488,4160,12312,-1456,1604,15624,276,-3008,14652
2528,13044,8832,-8372,4056,13344,-1416,1576,16100,1152,-3080,15412
1976,12724,8844,-7720,3288,13260,-1348,1272,15744,824,-2944,15480
2608,12732,9248,-8580,2852,12288,-3120,3044,15592,-916,-1936,15260
1732,12996,8372,-9460,2076,13196,-1444,3400,15892,2376,152,16436
1996,13076,8652,-2872,2324,15004,-476,1496,16212,-8,-516,15364
2112,13136,8896,-3968,2612,14112,-1476,1944,15832,-40,104,15636
1884,13040,8744,-4664,3452,14324,-1276,2024,16328,824,588,16500
1976,13064,8588,-5184,3980,14792,-424,1124,16524,452,132,15696
2480,12936,8480,-5908,4300,14160,-1956,664,16384,-1508,-1024,14988
2552,12752,8872,-7516,4480,13392,-2248,788,16604,-348,-1096,16364
2328,13208,8864,-8500,4792,13540,-1440,732,16832,804,-1348,15876
2720,12756,9044,-8068,4984,11292,-2008,2256,14876,-1300,136,10188
1620,12900,8624,-9788,5612,12492,-1984,260,16980,-384,-2120,16000
1724,12508,9256,-9444,5760,11892,-4376,1632,16132,-396,-2328,15920
2096,12836,9844,-10100,5160,10064,-1048,1188,15912,1856,-1180,15400
1624,12804,8836,-10980,4976,10740,-1064,1112,16292,1608,-2448,15584
1908,12712,9204,-11208,5220,10440,-1816,892,15792,1020,-2528,15324
1484,12384,9372,-12360,6504,9672,-828,1560,17000,2420,-1904,15772
1324,12968,8724,-11512,6080,9508,-1180,-460,15680,1792,-2688,15128
1644,12652,8832,-10480,6728,10868,-576,-2516,16620,4580,-5048,14324
1784,12476,9408,-10012,7624,9672,28,-1900,16576,3800,-4452,15440
1392,12416,9136,-10080,8352,9260,452,-1424,16544,3152,-3412,15520
1820,12908,9264,-10488,8772,9160,-1032,-340,16576,-40,-3716,15516
1456,13172,8740,-9564,8208,10324,1084,-1040,17076,4644,-3200,16208
1820,12944,9048,-8988,8496,11352,376,-1148,16616,2624,-3956,14680
2048,12656,9228,-7212,7492,11680,136,-164,16048,3244,-3096,15136
2124,12836,9412,-7556,6908,12172,-168,296,15868,1932,-2296,15180
1688,12572,9392,-6072,6104,12160,908,252,16068,3284,-2332,14936
2196,12528,8808,-5588,5536,13792,392,100,16132,1832,-2736,14732
2628,12504,9276,-5448,5336,13752,-420,1288,16268,776,-1476,15624
2200,12684,9180,-3900,4936,13708,-372,2532,16052,592,-1032,15244
2944,12404,9580,-5680,4188,13844,-256,3720,16036,2988,372,16188
1456,12880,8564,-4120,3368,14764,232,3180,16232,2040,592,16708
2456,12852,8940,-4428,3000,14552,-488,3288,16420,336,-124,16436
840,12824,9136,-6088,888,14380,-2328,516,16032,-600,-284,15408
980,12856,9208,-6584,736,13944,-2464,796,15960,-172,160,15608
884,12804,9368,-7228,1584,13180,-2744,1588,15912,-400,752,16048
1032,12948,9132,-7488,2484,13628,-2612,1364,15980,-288,1168,16280
1624,12840,8868,-7420,3168,14136,-1908,128,16576,-908,-496,15220
1388,12896,9112,-7604,2908,13932,-2872,540,16772,512,-1392,17488
2004,12748,9140,-8604,2976,12328,-3076,196,15880,572,-1200,15404
1756,12692,9256,-9144,3324,11300,-3088,1644,15472,108,-392,15608
1440,12884,9012,-10524,3848,12540,-2764,596,16468,204,-940,16264
1580,12880,9196,-9068,2612,11780,-2296,900,15320,1112,-1056,14876
1632,12704,9292,-10032,3384,10156,-1692,1200,15656,1160,-1144,14768
1556,12728,8692,-10716,4748,9976,-1768,976,15996,660,-252,14464
864,12792,9252,-11784,5536,10944,-904,312,18892,2052,-1640,18132
1868,12716,9128,-12704,5068,9116,-308,1192,17220,2912,-1264,17108
1424,13228,8640,-10496,5372,10288,652,-2080,15272,4236,-3416,13640
2204,12668,8940,-9676,5756,11524,-1856,-2644,16484,1492,-4620,15048
2048,12804,9172,-10664,6332,10472,-820,-980,16772,2076,-2348,16788
1412,13356,8424,-10756,6520,10528,-872,-668,15672,1668,-2228,15272
1652,12996,8888,-10944,6356,10556,92,1048,17940,3052,-2208,15188
1476,12900,9144,-9756,6808,11784,-184,2240,16656,1948,-1048,16424
1500,13216,8956,-9108,6880,11680,-1732,2156,16968,804,-1944,16992
1732,12964,8784,-9140,6092,11336,-1076,2832,15944,1744,-1168,16152
1516,12816,8900,-10368,4332,11544,-2008,1992,14580,1356,-1544,13352
1180,12924,8960,-8000,3364,12216,-1828,1812,15900,1260,-2156,15136
852,13088,8568,-9520,652,11948,-2776,2248,15740,172,-1936,15440
948,12392,9332,-8548,3080,13248,-2944,1456,16064,-696,-2100,14608
536,12476,9412,-8496,2216,13716,-4188,1768,15628,-2044,-1812,14472
480,12736,9268,-8268,1368,12632,-2424,2820,15384,1108,-448,15148
-32,13020,8792,-6656,2164,13924,-1728,2792,16792,-900,-1048,16336
304,13192,8732,-6344,1848,13952,-1880,2484,16420,-184,-1032,15780
1128,12880,8764,-5892,720,14156,-2464,860,16072,-768,472,15832
1440,12856,9124,-7392,896,13372,-2940,1316,15764,32,660,15320
1332,12780,9428,-8028,1540,13348,-3580,1760,16192,-1060,1216,16056
1620,12984,9100,-8288,1924,13520,-3788,860,16368,-2328,404,15644
2100,13188,8836,-8556,2024,12328,-4040,2008,15784,-420,1076,15700
2060,12800,8860,-9200,3128,12428,-3612,660,15720,-2128,-484,15692
1948,12508,9308,-9696,3080,12476,-2956,536,15552,140,-656,14840
1696,12940,8840,-10060,3788,11792,-3184,736,15228,368,-744,16388
2040,12612,9044,-11132,3120,11560,-2808,2424,16140,-324,736,14872
1548,12396,9504,-9964,1668,10240,-3640,2532,15108,-764,984,15552
1876,12772,9412,-11832,4220,10824,-1240,2256,16604,-684,-1388,15108
1724,12816,9036,-11360,4212,10396,-1864,472,15876,-2320,-1840,10872
1780,12640,9368,-12004,4596,9964,-2436,1240,16268,756,-2688,15692
1620,12676,9052,-11892,4516,10064,-1352,-136,16852,1924,-4260,15504
2008,12744,8864,-12796,4988,9672,-2428,560,16476,184,-3808,15340
1736,12800,8708,-11144,4848,9836,-1340,-636,16656,2792,-4936,15236
2164,13072,8708,-10712,5380,10096,-2164,-1660,15344,832,-5444,13192
2012,12928,8888,-10864,6484,9344,84,280,16100,2868,-4376,15136
2172,12860,8840,-10752,6788,10860,336,488,17632,2360,-4392,15296
2720,13348,8344,-10584,6832,11524,-328,568,16776,1800,-3980,16188
1980,13036,8884,-9668,6164,11932,-440,832,16472,3420,-3600,14704
2272,12948,9180,-7872,6472,13280,1536,1764,16944,5020,-2724,15964
1816,13100,8848,-7252,5608,12584,-436,1036,15800,1904,-3812,14048
2176,12860,8848,-8332,4832,12796,-1672,1540,15808,1500,-3276,14328
1544,12760,8660,-8368,3332,12796,-1636,2180,15852,-2096,3280,13896
1664,12556,8900,-7888,2648,12524,-3316,2400,15436,736,-2464,15536
1600,12520,9084,-6404,4220,13580,-2520,1876,16192,308,-1396,15408
1672,12688,9796,-8416,2020,13036,-2612,3044,15544,2104,-76,15544
1116,13056,8888,-6844,2756,14076,-1136,2732,16608,2388,-696,16244
1272,12912,8768,-5956,3216,12832,-364,3160,13840,3764,68,12764
1896,12816,8792,-5220,1464,14492,-2384,1552,15984,-1000,152,15508
1924,12980,8520,-5976,1672,13872,-2748,1908,15436,-1728,696,15404
2072,13188,9036,-6924,2308,13296,-3184,2816,15628,-724,1076,15704
1620,13236,8468,-6888,3380,14240,-2828,2224,16760,-1500,952,15620
2484,13080,8636,-7140,3312,14224,-3084,1320,17168,-2844,-744,16044
2600,12960,8780,-7124,3608,13812,-2960,816,16056,-1920,-544,15024
2536,13024,8836,-8280,3064,12352,-3096,1400,15612,-612,-588,15604
2332,12608,8796,-8152,3308,12620,-3224,1420,15872,-312,936,15724
2388,12532,8936,-8900,3660,12292,-3044,1640,15344,-180,-64,14880
2280,12640,9036,-8868,4012,10876,-3276,1748,15740,-2424,-556,15580
2248,12728,8860,-9552,4264,11436,-2432,1836,15968,72,-924,14896
2088,12456,9620,-9824,5800,11028,-1728,1396,15640,-368,-588,15344
2300,12584,9160,-10756,5792,12404,-1260,656,17748,916,-1644,17088
2908,12644,9036,-10380,5908,9504,-868,1632,16036,432,144,15928
2152,12408,9060,-11448,6692,9232,-560,940,16320,880,-840,15464
2396,12748,9208,-11804,6160,8812,-1228,-288,16656,120,-2380,16472
2364,12708,8708,-9368,6360,11452,-2672,-4216,15484,2820,-4524,14728
2940,12736,8784,-9492,7212,11348,-2360,-4096,15668,1092,-5372,14412
2720,12796,8804,-10336,7580,8960,-736,-1564,16316,1440,-3316,15288
2060,12620,8872,-11028,9820,10256,-16,60,16968,2108,-2116,16084
2540,12896,9100,-9544,7820,11060,-4,456,16796,2312,-2268,15684
2276,12672,9084,-7944,7332,11172,1804,448,16292,4412,-2092,15408
2352,13004,8668,-8080,7136,11756,1228,552,16540,3528,-2524,15228
2428,12940,8788,-7320,6928,12448,784,548,16512,2480,-2660,16060
2760,12940,8688,-6808,6044,13020,380,996,16220,1704,-2480,15044
2224,13036,8300,-5948,5660,14540,444,332,16776,1312,-3356,14752
2556,12708,8336,-5304,5020,13620,-500,1036,15744,1548,-2780,14956
2496,12504,9272,-5248,4716,13684,-936,2224,16392,28,-1692,15900
2116,12448,9892,-5648,3732,13284,996,3052,15640,4716,-148,15740
1856,12608,9180,-4808,3336,14536,824,3212,16060,3424,-392,16088
1472,12592,9240,-5168,-96,15120,-2164,-120,17224,-1800,-844,16988
1304,12636,9332,-5120,120,14484,-2192,92,16252,-1068,-332,15780
1088,13056,8268,-6408,20,13916,-3064,152,15296,-184,-1204,14496
1008,12940,8424,-7352,1180,13780,-2860,1100,16244,-120,-376,16044
968,12800,9012,-7820,1944,14496,-3300,312,16656,-1076,-732,14848
2196,12620,8872,-8064,1756,13356,-2172,460,16108,-1836,-2204,16444
1864,12620,9136,-8340,3592,13264,-2172,4,15944,-16,-3152,14408
1868,12540,9432,-9616,1760,12472,-2420,44,15880,-2044,-2592,14512
1712,12876,8796,-9368,2980,12808,-1764,-380,16400,-240,-2424,15728
1764,12668,9196,-10056,3188,12292,-2388,748,15740,-260,-1604,15952
1312,12300,9848,-9728,3240,11696,-2524,508,16012,5600,3024,17996
1628,12372,9440,-10092,3128,10868,-2184,1084,15688,532,-2428,15704
1648,12728,9088,-10028,3332,11888,-1176,-912,15444,2132,-3156,15324
1760,12592,9012,-12320,4732,11236,-2560,-668,16104,-408,-3412,14844
1004,13100,9020,-12028,5264,8980,-1068,-428,16368,2052,-3908,17216
1600,12668,8932,-11148,5812,9532,-1172,-1840,16516,2796,-6356,15656
2048,12992,8956,-11296,6816,11300,-2288,-5324,15824,3952,-9436,11112
2212,12720,8912,-9476,7672,9248,-2200,-5044,15248,1948,-8808,13612
2076,12944,9096,-11284,8800,9536,-2080,-4640,15304,512,-7952,13276
1920,13144,8980,-9964,8536,9920,-644,-4056,16476,2112,-7612,14272
2516,12728,9012,-9516,8512,10904,420,-2456,16172,3108,-5972,14052
2080,13120,8792,-8660,7376,11148,856,-1036,16900,3472,-5152,15324
1672,12856,8952,-7656,7424,12544,1908,-360,16492,3672,-4892,15092
1636,12780,8196,-6312,5932,13212,1004,-688,15972,3380,-4668,14728
2064,12996,8696,-5912,5064,14076,-64,-1296,15772,1340,-5552,13168
2128,12604,8988,-5088,5620,13880,-956,800,15936,312,-4612,14032
1452,12600,8540,-5624,2868,13352,-1892,956,16028,-2228,-2404,14480
3120,12824,9196,-5900,2740,13972,-1628,2364,16200,904,-1740,16832
1544,13088,8852,-6080,4556,14712,-412,2660,16448,1764,-1184,17016
1060,13320,8536,-5064,3216,13440,232,3276,14808,2084,24,15140
800,13108,8988,-6444,1160,14152,-2584,1528,16240,-1016,88,15876
788,13152,8484,-7460,1396,12900,-2700,2056,15360,-72,880,15052
760,13176,8768,-7148,3392,14064,-2680,2052,16212,-628,468,14792
1228,13300,8512,-7072,3796,13188,-2440,2268,16496,-680,156,16240
1332,13212,8780,-7584,4416,13860,-2664,1112,16956,-532,-1108,16048
1508,13052,8744,-8804,4284,13232,-2428,676,16832,-540,-1400,16124
1452,13000,9048,-8880,3796,11912,-2528,1192,15840,-20,-320,15524
1084,12920,8972,-8236,3820,12184,-2640,440,15692,-684,-1180,14724
1696,12788,8964,-9300,8356,10476,-2856,1368,15336,-444,-384,15216
524,12696,8068,-10124,5188,11504,-1708,-524,16256,-488,-1604,15016
996,13068,9148,-10252,5832,10480,-1020,124,15488,1336,-1736,15260
888,12472,8992,-11568,6212,11008,-520,-184,17476,1696,-2808,16300
1724,12724,8872,-13028,6496,9472,-272,1688,18900,732,-1412,18824
916,12848,9296,-12044,5944,8196,96,-80,16636,1304,-1792,15576
1436,13388,8148,-10644,5928,8848,-2480,-3156,14648,916,-4228,13216
1660,13344,8252,-9836,6028,10356,-3524,-4260,14472,-200,-5752,13100
1732,13280,8472,-11408,7332,10196,-2320,-3640,15500,732,-5108,14368
932,13308,8540,-10408,7264,8944,-744,-1568,15864,1448,-3204,15716
748,13576,8152,-10936,8352,9664,408,-916,17132,2572,-3176,16108
1440,13712,8108,-9400,7324,10316,-700,-1144,16784,844,-4592,14784
1668,13144,8468,-9428,8024,11172,512,56,16540,2628,-2420,16300
1288,13432,8856,-8548,7332,12140,480,228,16168,2268,-2732,15196
1416,13224,8472,-6972,6480,12584,464,-232,16708,2892,-3652,14656
1736,13168,8912,-5964,6268,12992,616,136,16216,2408,-3344,14892
1748,12896,8728,-5436,5400,14296,3196,704,16880,4616,5096,12288
1528,12820,9116,-5484,4684,13804,1312,556,16620,3560,-3484,15552
1540,12692,8880,-5432,2976,14192,0,1064,15720,1908,-2936,13508
1128,12492,9040,-4776,3120,13960,1104,2600,15856,5136,-984,14804
428,12940,9100,-5548,2768,13776,496,2788,16364,3584,-1044,16352
488,12932,8736,-5268,2256,13316,832,2160,14312,3428,-1280,13172
1400,12700,9100,-4944,1848,14408,-1544,1608,16296,100,-452,16288
1360,12696,9056,-4756,2272,14664,-1396,1864,16364,20,-320,16128
2356,12768,10096,-6048,2192,13876,-1340,2252,16320,832,-964,16324
1840,12840,9148,-6648,3472,14820,-440,1836,16288,1280,860,15796
1656,12780,9096,-6876,3180,13696,-688,1596,15824,924,-636,14504
1964,13088,9220,-8236,3456,13412,-2024,1624,16120,2324,-2852,16944
1892,12944,9168,-7468,4228,12472,-2260,896,16416,-660,-2228,16124
2240,12908,9028,-8408,4312,12252,-1332,1604,16248,952,-1880,15624
1692,12784,8840,-8260,5524,13064,-1040,312,16224,1360,-2796,15100
1816,12748,8976,-7880,5488,11932,-752,-856,15348,860,-3396,14532
1772,12528,9092,-8840,6088,10760,-168,84,15500,1996,-3548,14424
2264,12616,9580,-9312,6488,10868,-600,-748,16572,1780,-3704,16108
1476,12716,9084,-10124,7072,9636,608,-744,16856,2104,-4720,14976
1964,12564,9368,-11096,6640,8148,-696,-1624,16432,944,-4668,15528
1984,13084,9128,-11596,8524,10212,-16,-4572,16484,2996,-5784,13444
2160,13184,9148,-11752,8256,8372,-1644,-4316,15748,256,-6724,14004
1712,13144,8596,-9160,8072,9040,-780,-5596,15332,2604,-7100,14752
1872,13212,8636,-10424,8564,8992,-396,-4688,15996,2168,-6376,14152
1296,13248,8588,-10612,9352,9276,-956,-2788,16152,24,-4192,15220
896,12892,9208,-9588,8936,11276,256,-2896,16860,2552,-5028,14936
1388,13236,8616,-8700,6556,10868,-1464,1880,16340,472,-3460,15712
1872,13256,8540,-8868,5444,12172,-1740,1448,16268,568,-3692,15460
2060,13004,8956,-7464,4332,12848,-1096,1360,15992,1380,-3504,14960
1356,13032,8560,-7544,2856,12916,-768,1968,16164,2204,-2884,15632
1384,13120,8800,-8040,2988,12992,-1688,1920,16020,1072,-3364,15132
1016,13364,8688,-5448,2404,14876,-2396,-120,15560,-604,-3520,14964
2016,13016,8844,-6136,1848,14312,-1532,600,15576,-28,-2604,15132
548,13416,8488,-5748,1852,14424,-2096,2432,17064,-1148,-1496,17052
492,13504,8348,-4996,1700,14376,-332,1952,16552,1316,-1788,15408
492,13504,8348,-4996,1700,14376,-332,1952,16552,1316,-1788,15408
